{
    "version": 1,
    "author": "Salsabilla Permata Dewi",
    "editor": "wokwi",
    "parts": [
        { "type": "board-esp32-devkit-c-v4", "id": "esp", "top": 0, "left": 0, "attrs": {} },
        {     
        "type": "wokwi-pushbutton",
        "id": "btn1",
        "top": 83,
        "left": 230.4,
        "attrs": { "color": "green", "xray": "1" }
        },
        { "type": "wokwi-relay-module", "id": "relay1", "top": -67, "left": 163.2, "attrs": {} },
        {
        "type": "wokwi-led",
        "id": "led1",
        "top": 140.4,
        "left": 195.8,
        "attrs": { "color": "red" }
        }
    ],
    "connections": [
        [ "esp:TX", "$serialMonitor:RX", "", [] ],
        [ "esp:RX", "$serialMonitor:TX", "", [] ],
        [ "relay1:VCC", "esp:3V3", "red", [ "h-153.6", "v76.8" ] ],
        [ "relay1:GND", "esp:GND.2", "black", [ "h-38.4", "v66.8" ] ],
        [ "relay1:IN", "esp:23", "green", [ "h-48", "v67" ] ],
        [ "btn1:2.l", "esp:GND.2", "green", [ "h-96", "v-86.2" ] ],
        [ "btn1:1.l", "esp:19", "green", [ "h-96", "v28.8" ] ],
        [ "led1:C", "esp:GND.2", "green", [ "v-153.6", "h-114.8" ] ],
        [ "led1:A", "esp:18", "green", [ "v-76.8", "h-115.2" ] ]
    ],
    "dependencies": {}
    }