{
    "version": 1,
    "author": "Uri Shaked",
    "editor": "wokwi",
    "parts": [
      { "type": "wokwi-esp32-devkit-v1", "id": "esp", "top": -4.9, "left": 43, "attrs": {} },
      {
        "type": "wokwi-hc-sr04",
        "id": "ultrasonic1",
        "top": 33.9,
        "left": 202.5,
        "rotate": 90,
        "attrs": {}
      }
    ],
    "connections": [
      [ "esp:TX0", "$serialMonitor:RX", "", [] ],
      [ "esp:RX0", "$serialMonitor:TX", "", [] ],
      [ "ultrasonic1:VCC", "esp:VIN", "red", [ "h-48", "v163.2", "h-144" ] ],
      [ "ultrasonic1:TRIG", "esp:D5", "green", [ "h0" ] ],
      [ "ultrasonic1:ECHO", "esp:D18", "green", [ "h0" ] ],
      [ "esp:GND.1", "ultrasonic1:GND", "black", [ "h28.5", "v-56.5" ] ]
    ],
    "dependencies": {}
  }